ticket_id,created_date,channel,subject,body,priority_actual,category_actual,handle_time_minutes,resolved_first_contact,csat_score
TKT-1001,2026-01-02,email,How long does a transfer take?,"If I request a transfer today, when will the money actually show up in my bank account? I've seen different timelines mentioned — 1 business day vs instant. Is there an option for instant transfer? Is there a fee for faster delivery?",Low,Product Question,9,True,4
TKT-1002,2026-04-16,phone,Unexpected charge on my account,"Hi, I just noticed a charge of $15.0 on my account that I don't recognize. The transaction shows up as 'TP Auto Deduct' but I don't remember authorizing this. Can you help me figure out what this is? My account is under emily.smith26@icloud.com. Thanks.",Medium,Billing & Payments,14,True,3
TKT-1003,2026-04-28,chat,Suspicious login attempt on my account,I received an email saying there was a login attempt from an unrecognized device in California. I did not attempt to log in at that time. I've already changed my password but I'm concerned my account may be compromised. Can you review recent activity and confirm my account is secure?,Critical,Account Access,42,True,3
TKT-1004,2026-01-15,phone,Need an invoice for last month,"Hello, could you please send me an invoice for March? Our accounting team needs it for expense reconciliation. Account email is david.smith69@outlook.com. Please send to sarah.miller71@gmail.com as well. We need it in PDF format if possible. Thank you.",Medium,Billing & Payments,17,False,4
TKT-1005,2025-12-29,phone,How do I request a pay advance?,"I just signed up and I'm trying to figure out how to request an advance on my upcoming paycheck. I see the option in the app but when I tap it, it says I'm not eligible. I've been at my job for 23 months and my employer is enrolled. What are the eligibility requirements?",Medium,Product Question,9,False,5
TKT-1006,2025-12-12,chat,Suspicious login attempt on my account,I received an email saying there was a login attempt from an unrecognized device in New York. I did not attempt to log in at that time. I've already changed my password but I'm concerned my account may be compromised. Can you review recent activity and confirm my account is secure?,High,Account Access,21,False,4
TKT-1007,2026-01-02,email,Is there a fee to use the service?,I was referred by a coworker but I want to make sure I understand the costs before I sign up. Is there a monthly fee? What does it cost to access my pay early? Are there any other hidden charges I should know about?,Low,Product Question,7,True,4
TKT-1008,2026-01-20,chat,My balance looks wrong,"Something seems off with my account balance. It's showing $1563.2 but based on my transactions I should have more than that. The last transaction I see is from December 29, 2025 but I know I had a deposit processed on November 05, 2025. Can you audit my account?",Medium,Billing & Payments,9,True,3
TKT-1009,2026-01-07,email,Requesting partial refund,"I was charged $99.0 for a service I only partially used. I signed up on April 14, 2026 and canceled on February 26, 2026, which means I used the service for only 2 days of the billing period. I'm requesting a pro-rated refund for the unused portion. Please let me know how to proceed.",Medium,Refund Request,19,True,4
TKT-1010,2026-02-01,email,How do I stop automatic deductions?,"I took an advance last month and it was automatically deducted from my paycheck, which I understood. But now it's happening again this pay period even though I didn't take another advance. I want to stop any automatic deductions and ideally cancel the service. Please help.",Medium,Cancellation Request,10,True,5
TKT-1011,2026-02-07,chat,Please close my account,I would like to permanently close my account and have all my personal data deleted. I no longer need this service. My account email is mike.miller9@icloud.com. Please confirm once the account is closed and my data has been removed.,High,Cancellation Request,29,True,2
TKT-1012,2026-04-14,email,Charged twice for the same transaction,"I was charged $500.0 twice on March 18, 2026. I only authorized one payment. My bank statement clearly shows two identical charges. I need one of these refunded immediately. Transaction IDs (if helpful): TXN887352 and TXN379786. Please process the refund ASAP.",Low,Refund Request,6,True,4
TKT-1013,2026-03-09,phone,Payment failed — please help,I tried to make a payment of $49.99 today but it failed. The error message said 'Insufficient funds' but my bank account shows plenty of money. I've tried twice and both times it failed. Is there a hold on my account? Please look into this ASAP.,High,Billing & Payments,31,False,3
TKT-1014,2026-03-19,web,Incorrect fee charged — requesting refund,"I was charged a $2.99 fee that I don't believe I should have been charged. When I signed up, I was told the first 13 months were fee-free. I'm only on month 1. Can you review and refund this fee?",Medium,Refund Request,16,False,3
TKT-1015,2026-01-01,email,Two-factor authentication not working,I enabled two-factor authentication last week and now I can't get in. I'm not receiving the SMS codes to my phone number ending in 6038. I've waited several minutes and tried multiple times. Is there an alternative way to verify my identity so I can get back in?,Low,Account Access,8,False,5
TKT-1016,2026-01-07,chat,Please close my account,I would like to permanently close my account and have all my personal data deleted. I no longer need this service. My account email is mike.davis22@icloud.com. Please confirm once the account is closed and my data has been removed.,High,Cancellation Request,34,True,4
TKT-1017,2025-12-22,phone,What documents do I need for onboarding?,"I'm in the process of setting up my account and it's asking me to verify my identity. What documents do you accept? Do I need a government-issued ID? Can I use a passport or does it need to be a driver's license? Also, is my information secure when I upload documents?",Medium,General Inquiry,14,False,4
TKT-1018,2025-11-17,email,App keeps crashing when I open it,The mobile app crashes every time I try to open it. This started after the update that pushed yesterday. I'm on iPhone 14 running iOS 17.0. I've already tried uninstalling and reinstalling but same issue. Is there a known issue with this version?,Medium,Technical Issue,17,True,3
TKT-1019,2025-12-29,email,SSO login broken since company update,"Since our company updated their SSO provider last week, I can no longer log in through the company portal. It redirects me to a blank screen. My colleagues are having the same issue. Our company admin is Acme Corp. Can you check if something on your end needs to be updated?",Low,Account Access,4,False,5
TKT-1020,2025-12-04,phone,Getting an error code when trying to transfer funds,"Every time I try to transfer money I get error code ERR-4510. This started happening about 5 days ago. I need to move funds for an urgent payment. I've tried different amounts ($50, $100, $500) and get the same error. My bank account is verified and in good standing.",Medium,Technical Issue,17,True,4
TKT-1021,2026-02-19,chat,Incorrect fee charged — requesting refund,"I was charged a $1.99 fee that I don't believe I should have been charged. When I signed up, I was told the first 5 months were fee-free. I'm only on month 3. Can you review and refund this fee?",High,Refund Request,28,True,4
TKT-1022,2026-02-12,phone,How do I request a pay advance?,"I just signed up and I'm trying to figure out how to request an advance on my upcoming paycheck. I see the option in the app but when I tap it, it says I'm not eligible. I've been at my job for 3 months and my employer is enrolled. What are the eligibility requirements?",Critical,Product Question,31,True,3
TKT-1023,2026-02-27,email,Transaction history not loading,"When I tap on 'Transaction History' in the app, it just shows a spinning loader and never loads. I've waited up to 5 minutes. This has been happening for 2 days. Everything else in the app works fine. I'm on Android 13.",Low,Technical Issue,4,True,4
TKT-1024,2025-12-13,chat,Question about the $1.99 fee on my statement,I see a $1.99 fee on my recent statement and I'm not sure what it's for. I don't recall seeing this fee before. Is this a new charge? Can you explain what this covers and whether I can avoid it? I've been a customer for 9 months.,High,Billing & Payments,30,True,3
TKT-1025,2026-02-08,email,How do I get started?,My company just rolled out your service and I received an email to sign up. I clicked the link but I'm not sure what to do next. Is there a guide or tutorial? What information do I need to get started? Do I need to connect my bank account right away?,Low,General Inquiry,10,True,5
TKT-1026,2026-03-05,email,Dashboard showing wrong data,"The analytics dashboard is showing November data when it should be showing current data. It looks like the data is about 3 weeks behind. We rely on this for payroll decisions so accurate, up-to-date data is critical. Please investigate.",Critical,Technical Issue,43,True,4
TKT-1027,2026-01-20,email,Is there a fee to use the service?,I was referred by a coworker but I want to make sure I understand the costs before I sign up. Is there a monthly fee? What does it cost to access my pay early? Are there any other hidden charges I should know about?,Medium,Product Question,17,True,3
TKT-1028,2026-03-26,email,Unexpected charge on my account,"Hi, I just noticed a charge of $24.99 on my account that I don't recognize. The transaction shows up as 'EarnPay Services' but I don't remember authorizing this. Can you help me figure out what this is? My account is under sarah.brown16@outlook.com. Thanks.",Critical,Billing & Payments,27,False,2
TKT-1029,2026-01-06,email,How long does a transfer take?,"If I request a transfer today, when will the money actually show up in my bank account? I've seen different timelines mentioned — 1 business day vs instant. Is there an option for instant transfer? Is there a fee for faster delivery?",Medium,Product Question,19,True,4
TKT-1030,2026-01-20,web,Two-factor authentication not working,I enabled two-factor authentication last week and now I can't get in. I'm not receiving the SMS codes to my phone number ending in 8491. I've waited several minutes and tried multiple times. Is there an alternative way to verify my identity so I can get back in?,High,Account Access,17,True,2
TKT-1031,2025-11-18,web,Data privacy request — please delete my data,I am submitting a formal request under the California Consumer Privacy Act (CCPA) to delete all personal data you hold about me. My account email is emily.jones45@yahoo.com. Please confirm receipt of this request and provide a timeline for deletion. I expect written confirmation once deletion is complete.,Critical,Compliance & Legal,48,True,2
TKT-1032,2025-11-03,phone,Wrong amount deducted from my paycheck,My advance deduction was for $500.0 but I only took an advance of $200.0. The math doesn't add up — it seems like I was charged a fee I wasn't told about. Can you provide a breakdown of the deduction and refund the difference?,High,Refund Request,32,True,4
TKT-1033,2025-11-28,phone,How do I get started?,My company just rolled out your service and I received an email to sign up. I clicked the link but I'm not sure what to do next. Is there a guide or tutorial? What information do I need to get started? Do I need to connect my bank account right away?,Low,General Inquiry,5,True,4
TKT-1034,2026-01-07,chat,Payment failed — please help,I tried to make a payment of $500.0 today but it failed. The error message said 'Insufficient funds' but my bank account shows plenty of money. I've tried twice and both times it failed. Is there a hold on my account? Please look into this ASAP.,Medium,Billing & Payments,12,False,5
TKT-1035,2026-04-30,chat,Need an invoice for last month,"Hello, could you please send me an invoice for January? Our accounting team needs it for expense reconciliation. Account email is john.garcia82@yahoo.com. Please send to david.williams71@outlook.com as well. We need it in PDF format if possible. Thank you.",Medium,Billing & Payments,8,True,4
TKT-1036,2025-12-08,chat,Dashboard showing wrong data,"The analytics dashboard is showing October data when it should be showing current data. It looks like the data is about 3 weeks behind. We rely on this for payroll decisions so accurate, up-to-date data is critical. Please investigate.",High,Technical Issue,16,True,4
TKT-1037,2026-04-20,email,Do you have a referral program?,A friend told me I can earn rewards for referring new users. How does the referral program work? Is there a limit to how many people I can refer? When do I receive my reward — right when they sign up or after they use the service?,Low,General Inquiry,10,True,4
TKT-1038,2026-01-25,phone,Request for data export (GDPR),I am exercising my right under GDPR Article 20 to data portability. Please provide a full export of all personal data you hold associated with my account. My account ID is ACC-31299. Please send the export to mike.miller23@gmail.com within the legally required 30-day window.,High,Compliance & Legal,28,False,4
TKT-1039,2025-12-22,phone,Can't log in to my account,I'm having trouble logging into my account. I've tried my usual password but it keeps saying 'Invalid credentials.' I haven't changed my password recently. I tried the 'Forgot password' link but I'm not getting the reset email. My account email is chris.smith29@outlook.com. Please help.,High,Account Access,29,True,4
TKT-1040,2026-04-23,web,Need to update my email address,"Hi, I recently changed jobs and need to update the email address on my account from jessica.jones99@gmail.com to david.garcia52@icloud.com. I still have access to the old email so I can verify through that. Could you walk me through the process or make the change for me?",High,Account Access,32,True,4
TKT-1041,2026-03-29,web,Unable to update my payment method,I've been trying to update my bank account for direct deposit but keep getting an error when I try to save the new account. I've tried three times now and it just says 'Unable to verify account.' My routing number and account number are definitely correct. Please help — I need this updated before my next paycheck.,Critical,Billing & Payments,41,True,1
TKT-1042,2026-04-05,web,Payroll integration stopped syncing,Our payroll integration with Workday stopped syncing employee data yesterday. We process payroll on Thursdays and none of our employees are showing updated hours. I checked the integration settings and everything looks correct on our end. This is urgent — payroll runs in 2 days.,High,Technical Issue,18,True,2
TKT-1043,2026-03-18,phone,Direct deposit didn't arrive,"My direct deposit was supposed to hit today (November 01, 2025) but it's not showing in my bank account. My employer processed payroll on March 10, 2026 so it should have cleared by now. This is urgent as I have bills due today. Can you look into what happened?",Low,Billing & Payments,9,True,5
TKT-1044,2026-04-09,email,SSO login broken since company update,"Since our company updated their SSO provider last week, I can no longer log in through the company portal. It redirects me to a blank screen. My colleagues are having the same issue. Our company admin is RetailCo. Can you check if something on your end needs to be updated?",Low,Account Access,10,True,5
TKT-1045,2026-04-28,email,Payroll integration stopped syncing,Our payroll integration with Workday stopped syncing employee data yesterday. We process payroll on Thursdays and none of our employees are showing updated hours. I checked the integration settings and everything looks correct on our end. This is urgent — payroll runs in 2 days.,High,Technical Issue,19,True,3
TKT-1046,2026-03-26,email,Can I use this if I'm paid biweekly?,My employer pays me every two weeks. Can I still use the early access feature between pay periods? Does the amount I can advance reset after each paycheck? I'm trying to understand how it works with a biweekly pay schedule.,High,Product Question,32,False,3
TKT-1047,2025-11-22,email,Forgot username / can't find my login,I think I signed up with either jessica.davis57@outlook.com or emily.davis85@yahoo.com but neither is working. I do have an account because I've used the service before — I can see charges on my bank statement. Can you look up what email is on file for me? I can verify with my last 4 of SSN or bank account.,Medium,Account Access,18,True,4
TKT-1048,2026-04-22,email,Unable to update my payment method,I've been trying to update my bank account for direct deposit but keep getting an error when I try to save the new account. I've tried three times now and it just says 'Unable to verify account.' My routing number and account number are definitely correct. Please help — I need this updated before my next paycheck.,Critical,Billing & Payments,37,True,4
TKT-1049,2026-02-25,chat,Suspicious login attempt on my account,I received an email saying there was a login attempt from an unrecognized device in Texas. I did not attempt to log in at that time. I've already changed my password but I'm concerned my account may be compromised. Can you review recent activity and confirm my account is secure?,High,Account Access,35,False,3
TKT-1050,2026-04-26,email,Mobile notification not working,I've stopped receiving push notifications on my phone. I checked my phone settings and notifications are enabled for the app. This is a problem because I rely on notifications for payment confirmations. Please help me re-enable these.,Medium,Technical Issue,20,False,5
TKT-1051,2025-11-13,chat,How do I stop automatic deductions?,"I took an advance last month and it was automatically deducted from my paycheck, which I understood. But now it's happening again this pay period even though I didn't take another advance. I want to stop any automatic deductions and ideally cancel the service. Please help.",Medium,Cancellation Request,9,True,4
TKT-1052,2026-01-21,web,Can I use this if I'm paid biweekly?,My employer pays me every two weeks. Can I still use the early access feature between pay periods? Does the amount I can advance reset after each paycheck? I'm trying to understand how it works with a biweekly pay schedule.,Critical,Product Question,53,False,1
TKT-1053,2026-03-02,chat,Getting an error code when trying to transfer funds,"Every time I try to transfer money I get error code ERR-3607. This started happening about 6 days ago. I need to move funds for an urgent payment. I've tried different amounts ($50, $100, $500) and get the same error. My bank account is verified and in good standing.",Critical,Technical Issue,40,False,3
TKT-1054,2026-01-13,email,Please close my account,I would like to permanently close my account and have all my personal data deleted. I no longer need this service. My account email is david.davis92@gmail.com. Please confirm once the account is closed and my data has been removed.,Medium,Cancellation Request,13,True,3
TKT-1055,2026-04-30,email,Direct deposit didn't arrive,"My direct deposit was supposed to hit today (April 27, 2026) but it's not showing in my bank account. My employer processed payroll on December 06, 2025 so it should have cleared by now. This is urgent as I have bills due today. Can you look into what happened?",Medium,Billing & Payments,14,True,3
TKT-1056,2026-03-30,web,Getting an error code when trying to transfer funds,"Every time I try to transfer money I get error code ERR-7381. This started happening about 7 days ago. I need to move funds for an urgent payment. I've tried different amounts ($50, $100, $500) and get the same error. My bank account is verified and in good standing.",Low,Technical Issue,4,False,4
TKT-1057,2026-02-08,web,Two-factor authentication not working,I enabled two-factor authentication last week and now I can't get in. I'm not receiving the SMS codes to my phone number ending in 5892. I've waited several minutes and tried multiple times. Is there an alternative way to verify my identity so I can get back in?,Low,Account Access,10,True,4
TKT-1058,2025-11-08,chat,Requesting partial refund,"I was charged $29.99 for a service I only partially used. I signed up on January 09, 2026 and canceled on February 20, 2026, which means I used the service for only 4 days of the billing period. I'm requesting a pro-rated refund for the unused portion. Please let me know how to proceed.",High,Refund Request,27,False,3
TKT-1059,2025-11-07,web,Is your service available in all states?,"I'm considering recommending your service to my employer. We have employees in California, Texas, and New York. Is your earned wage access product available in all three states? Are there any state-specific restrictions I should know about?",High,General Inquiry,33,False,4
TKT-1060,2026-02-06,email,My balance looks wrong,"Something seems off with my account balance. It's showing $950.31 but based on my transactions I should have more than that. The last transaction I see is from November 13, 2025 but I know I had a deposit processed on January 02, 2026. Can you audit my account?",Medium,Billing & Payments,15,True,4
TKT-1061,2025-11-18,phone,Need to update my email address,"Hi, I recently changed jobs and need to update the email address on my account from david.johnson3@outlook.com to john.garcia84@yahoo.com. I still have access to the old email so I can verify through that. Could you walk me through the process or make the change for me?",Critical,Account Access,27,False,3
TKT-1062,2026-01-01,email,Unable to update my payment method,I've been trying to update my bank account for direct deposit but keep getting an error when I try to save the new account. I've tried three times now and it just says 'Unable to verify account.' My routing number and account number are definitely correct. Please help — I need this updated before my next paycheck.,Low,Billing & Payments,9,True,5
TKT-1063,2026-04-05,chat,Payroll integration stopped syncing,Our payroll integration with Gusto stopped syncing employee data yesterday. We process payroll on Thursdays and none of our employees are showing updated hours. I checked the integration settings and everything looks correct on our end. This is urgent — payroll runs in 2 days.,Medium,Technical Issue,19,True,4
TKT-1064,2025-12-21,email,Data privacy request — please delete my data,I am submitting a formal request under the California Consumer Privacy Act (CCPA) to delete all personal data you hold about me. My account email is david.miller92@outlook.com. Please confirm receipt of this request and provide a timeline for deletion. I expect written confirmation once deletion is complete.,Medium,Compliance & Legal,19,False,4
TKT-1065,2025-11-11,email,My balance looks wrong,"Something seems off with my account balance. It's showing $1384.31 but based on my transactions I should have more than that. The last transaction I see is from December 01, 2025 but I know I had a deposit processed on March 21, 2026. Can you audit my account?",High,Billing & Payments,28,False,4
TKT-1066,2026-02-19,web,Getting an error code when trying to transfer funds,"Every time I try to transfer money I get error code ERR-9031. This started happening about 1 days ago. I need to move funds for an urgent payment. I've tried different amounts ($50, $100, $500) and get the same error. My bank account is verified and in good standing.",Medium,Technical Issue,18,False,4
TKT-1067,2026-03-14,web,Is there a fee to use the service?,I was referred by a coworker but I want to make sure I understand the costs before I sign up. Is there a monthly fee? What does it cost to access my pay early? Are there any other hidden charges I should know about?,Low,Product Question,6,True,4
TKT-1068,2026-01-02,phone,Want to remove my employer from the platform,Our company has decided to discontinue using your earned wage access program. We have 87 employees enrolled. Can you tell us the process for offboarding our company from the platform? We want to make sure employees are notified properly.,Medium,Cancellation Request,9,True,4
TKT-1069,2026-01-30,phone,Forgot username / can't find my login,I think I signed up with either chris.garcia64@gmail.com or jessica.williams28@outlook.com but neither is working. I do have an account because I've used the service before — I can see charges on my bank statement. Can you look up what email is on file for me? I can verify with my last 4 of SSN or bank account.,High,Account Access,25,True,2
TKT-1070,2025-12-19,email,How do I request a pay advance?,"I just signed up and I'm trying to figure out how to request an advance on my upcoming paycheck. I see the option in the app but when I tap it, it says I'm not eligible. I've been at my job for 18 months and my employer is enrolled. What are the eligibility requirements?",Low,Product Question,9,True,4
TKT-1071,2026-02-23,phone,How do I stop automatic deductions?,"I took an advance last month and it was automatically deducted from my paycheck, which I understood. But now it's happening again this pay period even though I didn't take another advance. I want to stop any automatic deductions and ideally cancel the service. Please help.",High,Cancellation Request,17,True,3
TKT-1072,2026-02-03,chat,Can I use this if I'm paid biweekly?,My employer pays me every two weeks. Can I still use the early access feature between pay periods? Does the amount I can advance reset after each paycheck? I'm trying to understand how it works with a biweekly pay schedule.,Low,Product Question,8,True,4
TKT-1073,2026-01-04,email,Two-factor authentication not working,I enabled two-factor authentication last week and now I can't get in. I'm not receiving the SMS codes to my phone number ending in 6023. I've waited several minutes and tried multiple times. Is there an alternative way to verify my identity so I can get back in?,High,Account Access,21,True,2
TKT-1074,2025-12-26,phone,Do you have a referral program?,A friend told me I can earn rewards for referring new users. How does the referral program work? Is there a limit to how many people I can refer? When do I receive my reward — right when they sign up or after they use the service?,Medium,General Inquiry,12,False,3
TKT-1075,2025-12-20,email,How does the tipping model work?,I noticed the app asks for an optional tip when I transfer money. Can you explain how this works? Is the tip really optional or does it affect my service? What percentage do most people tip? I just want to make sure I'm using this correctly.,Critical,Product Question,48,True,4
TKT-1076,2026-03-22,email,How do I request a pay advance?,"I just signed up and I'm trying to figure out how to request an advance on my upcoming paycheck. I see the option in the app but when I tap it, it says I'm not eligible. I've been at my job for 3 months and my employer is enrolled. What are the eligibility requirements?",Low,Product Question,5,True,4
TKT-1077,2025-11-17,chat,Need an invoice for last month,"Hello, could you please send me an invoice for April? Our accounting team needs it for expense reconciliation. Account email is ashley.davis24@hotmail.com. Please send to john.jones15@outlook.com as well. We need it in PDF format if possible. Thank you.",Low,Billing & Payments,4,True,5
TKT-1078,2026-02-24,web,Need an invoice for last month,"Hello, could you please send me an invoice for January? Our accounting team needs it for expense reconciliation. Account email is emily.johnson98@icloud.com. Please send to chris.brown49@icloud.com as well. We need it in PDF format if possible. Thank you.",High,Billing & Payments,24,False,3
TKT-1079,2026-03-22,email,Forgot username / can't find my login,I think I signed up with either sarah.brown34@yahoo.com or sarah.williams23@yahoo.com but neither is working. I do have an account because I've used the service before — I can see charges on my bank statement. Can you look up what email is on file for me? I can verify with my last 4 of SSN or bank account.,High,Account Access,15,True,2
TKT-1080,2026-04-29,web,Payroll integration stopped syncing,Our payroll integration with Paychex stopped syncing employee data yesterday. We process payroll on Thursdays and none of our employees are showing updated hours. I checked the integration settings and everything looks correct on our end. This is urgent — payroll runs in 2 days.,Low,Technical Issue,4,True,5
TKT-1081,2025-12-28,chat,Incorrect fee charged — requesting refund,"I was charged a $9.99 fee that I don't believe I should have been charged. When I signed up, I was told the first 5 months were fee-free. I'm only on month 3. Can you review and refund this fee?",High,Refund Request,23,False,4
TKT-1082,2025-12-02,chat,Question about the $14.99 fee on my statement,I see a $4.99 fee on my recent statement and I'm not sure what it's for. I don't recall seeing this fee before. Is this a new charge? Can you explain what this covers and whether I can avoid it? I've been a customer for 16 months.,High,Billing & Payments,24,False,3
TKT-1083,2026-01-22,chat,App keeps crashing when I open it,The mobile app crashes every time I try to open it. This started after the update that pushed yesterday. I'm on iPhone 13 running iOS 17.4. I've already tried uninstalling and reinstalling but same issue. Is there a known issue with this version?,Medium,Technical Issue,8,True,3
TKT-1084,2026-04-22,phone,How does the tipping model work?,I noticed the app asks for an optional tip when I transfer money. Can you explain how this works? Is the tip really optional or does it affect my service? What percentage do most people tip? I just want to make sure I'm using this correctly.,Low,Product Question,8,True,5
TKT-1085,2026-03-30,chat,Payroll integration stopped syncing,Our payroll integration with Gusto stopped syncing employee data yesterday. We process payroll on Thursdays and none of our employees are showing updated hours. I checked the integration settings and everything looks correct on our end. This is urgent — payroll runs in 2 days.,High,Technical Issue,30,False,3
TKT-1086,2025-12-12,email,SSO login broken since company update,"Since our company updated their SSO provider last week, I can no longer log in through the company portal. It redirects me to a blank screen. My colleagues are having the same issue. Our company admin is Acme Corp. Can you check if something on your end needs to be updated?",Medium,Account Access,19,True,4
TKT-1087,2025-11-30,web,Requesting partial refund,"I was charged $15.0 for a service I only partially used. I signed up on January 20, 2026 and canceled on January 04, 2026, which means I used the service for only 3 days of the billing period. I'm requesting a pro-rated refund for the unused portion. Please let me know how to proceed.",High,Refund Request,27,False,4
TKT-1088,2026-03-13,chat,Does this work with my bank?,I have an account with Chase. Is your service compatible with all banks or just certain ones? I tried adding my account and got an error saying the bank wasn't supported. I also have a US Bank account if that one works better.,Medium,Product Question,20,True,4
TKT-1089,2025-11-08,web,Please close my account,I would like to permanently close my account and have all my personal data deleted. I no longer need this service. My account email is david.davis16@outlook.com. Please confirm once the account is closed and my data has been removed.,Medium,Cancellation Request,17,False,4
TKT-1090,2026-01-14,chat,Need to update my email address,"Hi, I recently changed jobs and need to update the email address on my account from sarah.brown60@gmail.com to sarah.williams92@outlook.com. I still have access to the old email so I can verify through that. Could you walk me through the process or make the change for me?",Low,Account Access,6,True,4
TKT-1091,2026-02-15,email,Request for data export (GDPR),I am exercising my right under GDPR Article 20 to data portability. Please provide a full export of all personal data you hold associated with my account. My account ID is ACC-60277. Please send the export to emily.williams36@gmail.com within the legally required 30-day window.,Medium,Compliance & Legal,20,True,5
TKT-1092,2026-03-20,chat,Forgot username / can't find my login,I think I signed up with either ashley.williams69@outlook.com or ashley.garcia71@hotmail.com but neither is working. I do have an account because I've used the service before — I can see charges on my bank statement. Can you look up what email is on file for me? I can verify with my last 4 of SSN or bank account.,Medium,Account Access,13,False,4
TKT-1093,2026-02-14,email,How does the tipping model work?,I noticed the app asks for an optional tip when I transfer money. Can you explain how this works? Is the tip really optional or does it affect my service? What percentage do most people tip? I just want to make sure I'm using this correctly.,Low,Product Question,9,True,4
TKT-1094,2026-03-07,web,Suspicious login attempt on my account,I received an email saying there was a login attempt from an unrecognized device in California. I did not attempt to log in at that time. I've already changed my password but I'm concerned my account may be compromised. Can you review recent activity and confirm my account is secure?,High,Account Access,19,True,2
TKT-1095,2025-11-26,chat,Suspicious login attempt on my account,I received an email saying there was a login attempt from an unrecognized device in Chicago. I did not attempt to log in at that time. I've already changed my password but I'm concerned my account may be compromised. Can you review recent activity and confirm my account is secure?,Medium,Account Access,15,True,4
TKT-1096,2026-03-01,phone,Transaction history not loading,"When I tap on 'Transaction History' in the app, it just shows a spinning loader and never loads. I've waited up to 5 minutes. This has been happening for 2 days. Everything else in the app works fine. I'm on Android 12.",High,Technical Issue,23,True,3
TKT-1097,2026-04-22,web,How does the tipping model work?,I noticed the app asks for an optional tip when I transfer money. Can you explain how this works? Is the tip really optional or does it affect my service? What percentage do most people tip? I just want to make sure I'm using this correctly.,Medium,Product Question,14,False,4
TKT-1098,2025-12-29,phone,Charged twice for the same transaction,"I was charged $29.99 twice on April 11, 2026. I only authorized one payment. My bank statement clearly shows two identical charges. I need one of these refunded immediately. Transaction IDs (if helpful): TXN817644 and TXN401338. Please process the refund ASAP.",Low,Refund Request,7,False,5
TKT-1099,2025-11-15,email,App keeps crashing when I open it,The mobile app crashes every time I try to open it. This started after the update that pushed yesterday. I'm on iPhone 13 running iOS 17.2. I've already tried uninstalling and reinstalling but same issue. Is there a known issue with this version?,High,Technical Issue,26,True,4
TKT-1100,2025-12-15,email,Transaction history not loading,"When I tap on 'Transaction History' in the app, it just shows a spinning loader and never loads. I've waited up to 5 minutes. This has been happening for 2 days. Everything else in the app works fine. I'm on Android 12.",Medium,Technical Issue,14,True,4
TKT-1101,2026-04-13,email,Transaction history not loading,"When I tap on 'Transaction History' in the app, it just shows a spinning loader and never loads. I've waited up to 5 minutes. This has been happening for 2 days. Everything else in the app works fine. I'm on Android 13.",Medium,Technical Issue,12,True,4
TKT-1102,2025-11-19,chat,Do you have a referral program?,A friend told me I can earn rewards for referring new users. How does the referral program work? Is there a limit to how many people I can refer? When do I receive my reward — right when they sign up or after they use the service?,Medium,General Inquiry,13,False,4
TKT-1103,2026-02-25,phone,How long does a transfer take?,"If I request a transfer today, when will the money actually show up in my bank account? I've seen different timelines mentioned — 1 business day vs instant. Is there an option for instant transfer? Is there a fee for faster delivery?",Low,Product Question,5,False,4
TKT-1104,2026-04-25,phone,Need an invoice for last month,"Hello, could you please send me an invoice for October? Our accounting team needs it for expense reconciliation. Account email is david.jones85@gmail.com. Please send to chris.jones73@gmail.com as well. We need it in PDF format if possible. Thank you.",Medium,Billing & Payments,8,False,4
TKT-1105,2026-04-12,email,Incorrect fee charged — requesting refund,"I was charged a $14.99 fee that I don't believe I should have been charged. When I signed up, I was told the first 13 months were fee-free. I'm only on month 1. Can you review and refund this fee?",Critical,Refund Request,41,False,3
TKT-1106,2025-11-11,email,Is there a fee to use the service?,I was referred by a coworker but I want to make sure I understand the costs before I sign up. Is there a monthly fee? What does it cost to access my pay early? Are there any other hidden charges I should know about?,High,Product Question,29,True,3
TKT-1107,2026-02-15,email,Want to remove my employer from the platform,Our company has decided to discontinue using your earned wage access program. We have 88 employees enrolled. Can you tell us the process for offboarding our company from the platform? We want to make sure employees are notified properly.,Low,Cancellation Request,5,True,5
TKT-1108,2026-03-04,web,Transaction history not loading,"When I tap on 'Transaction History' in the app, it just shows a spinning loader and never loads. I've waited up to 5 minutes. This has been happening for 2 days. Everything else in the app works fine. I'm on Android 13.",Critical,Technical Issue,43,False,3
TKT-1109,2026-04-22,web,Charged twice for the same transaction,"I was charged $24.99 twice on December 28, 2025. I only authorized one payment. My bank statement clearly shows two identical charges. I need one of these refunded immediately. Transaction IDs (if helpful): TXN809176 and TXN859396. Please process the refund ASAP.",Medium,Refund Request,20,True,5
TKT-1110,2026-02-03,phone,Wrong amount deducted from my paycheck,My advance deduction was for $15.0 but I only took an advance of $125.0. The math doesn't add up — it seems like I was charged a fee I wasn't told about. Can you provide a breakdown of the deduction and refund the difference?,Low,Refund Request,9,True,4
TKT-1111,2026-04-08,web,Charged twice for the same transaction,"I was charged $500.0 twice on December 30, 2025. I only authorized one payment. My bank statement clearly shows two identical charges. I need one of these refunded immediately. Transaction IDs (if helpful): TXN594379 and TXN126240. Please process the refund ASAP.",Critical,Refund Request,60,True,1
TKT-1112,2026-04-29,email,Suspicious login attempt on my account,I received an email saying there was a login attempt from an unrecognized device in Chicago. I did not attempt to log in at that time. I've already changed my password but I'm concerned my account may be compromised. Can you review recent activity and confirm my account is secure?,Low,Account Access,7,True,5
TKT-1113,2025-11-30,email,Feedback about the new app update,"I just wanted to share some feedback about the recent app update. I really miss the old home screen layout — the new one is harder to navigate. The transaction history view in particular is much harder to use. Is there a way to revert to the old layout, or can you pass this feedback along?",Low,General Inquiry,8,True,4
TKT-1114,2026-02-16,chat,SSO login broken since company update,"Since our company updated their SSO provider last week, I can no longer log in through the company portal. It redirects me to a blank screen. My colleagues are having the same issue. Our company admin is BuildRight LLC. Can you check if something on your end needs to be updated?",Critical,Account Access,34,False,4
TKT-1115,2026-02-22,chat,Transaction I didn't authorize,"There's a $12.99 transaction on my account from April 26, 2026 that I did not authorize. I've never heard of 'Payroll Advance LLC' and I was not in California on that date. I believe this may be fraud. Please investigate and refund the charge. I'd also like to know if my account has been compromised.",High,Refund Request,22,False,4
TKT-1116,2025-12-19,web,Potential fraud on my account — urgent,I believe my account has been used fraudulently. I noticed 20 transactions I did not authorize totaling $99.0. I have already locked my bank account. I am filing a police report. I need all transaction records for the past 10 months and immediate reversal of the fraudulent charges. This is extremely urgent.,High,Compliance & Legal,29,True,4
TKT-1117,2026-01-25,email,How do I request a pay advance?,"I just signed up and I'm trying to figure out how to request an advance on my upcoming paycheck. I see the option in the app but when I tap it, it says I'm not eligible. I've been at my job for 3 months and my employer is enrolled. What are the eligibility requirements?",Medium,Product Question,10,False,4
TKT-1118,2026-03-31,email,Unable to update my payment method,I've been trying to update my bank account for direct deposit but keep getting an error when I try to save the new account. I've tried three times now and it just says 'Unable to verify account.' My routing number and account number are definitely correct. Please help — I need this updated before my next paycheck.,High,Billing & Payments,22,True,4
TKT-1119,2025-11-29,phone,Transaction I didn't authorize,"There's a $24.99 transaction on my account from December 04, 2025 that I did not authorize. I've never heard of 'Payroll Advance LLC' and I was not in California on that date. I believe this may be fraud. Please investigate and refund the charge. I'd also like to know if my account has been compromised.",High,Refund Request,15,True,3
TKT-1120,2025-12-03,phone,Transaction I didn't authorize,"There's a $12.99 transaction on my account from December 15, 2025 that I did not authorize. I've never heard of 'Payroll Advance LLC' and I was not in Texas on that date. I believe this may be fraud. Please investigate and refund the charge. I'd also like to know if my account has been compromised.",Medium,Refund Request,16,True,5
TKT-1121,2025-11-28,chat,Dashboard showing wrong data,"The analytics dashboard is showing October data when it should be showing current data. It looks like the data is about 3 weeks behind. We rely on this for payroll decisions so accurate, up-to-date data is critical. Please investigate.",High,Technical Issue,22,False,4
TKT-1122,2026-04-14,web,Want to remove my employer from the platform,Our company has decided to discontinue using your earned wage access program. We have 122 employees enrolled. Can you tell us the process for offboarding our company from the platform? We want to make sure employees are notified properly.,High,Cancellation Request,16,False,3
TKT-1123,2026-02-22,email,Mobile notification not working,I've stopped receiving push notifications on my phone. I checked my phone settings and notifications are enabled for the app. This is a problem because I rely on notifications for payment confirmations. Please help me re-enable these.,Low,Technical Issue,4,True,5
TKT-1124,2026-03-21,phone,Payment failed — please help,I tried to make a payment of $350.0 today but it failed. The error message said 'Insufficient funds' but my bank account shows plenty of money. I've tried twice and both times it failed. Is there a hold on my account? Please look into this ASAP.,Medium,Billing & Payments,14,False,3
TKT-1125,2026-02-14,email,Need to update my email address,"Hi, I recently changed jobs and need to update the email address on my account from sarah.johnson93@icloud.com to emily.miller30@outlook.com. I still have access to the old email so I can verify through that. Could you walk me through the process or make the change for me?",High,Account Access,29,True,4
TKT-1126,2025-12-10,phone,Two-factor authentication not working,I enabled two-factor authentication last week and now I can't get in. I'm not receiving the SMS codes to my phone number ending in 7132. I've waited several minutes and tried multiple times. Is there an alternative way to verify my identity so I can get back in?,Medium,Account Access,15,True,5
TKT-1127,2025-12-04,chat,Payment failed — please help,I tried to make a payment of $79.99 today but it failed. The error message said 'Insufficient funds' but my bank account shows plenty of money. I've tried twice and both times it failed. Is there a hold on my account? Please look into this ASAP.,Low,Billing & Payments,8,False,4
TKT-1128,2025-11-14,web,Two-factor authentication not working,I enabled two-factor authentication last week and now I can't get in. I'm not receiving the SMS codes to my phone number ending in 7929. I've waited several minutes and tried multiple times. Is there an alternative way to verify my identity so I can get back in?,Medium,Account Access,17,True,5
TKT-1129,2026-03-04,email,Is there a fee to use the service?,I was referred by a coworker but I want to make sure I understand the costs before I sign up. Is there a monthly fee? What does it cost to access my pay early? Are there any other hidden charges I should know about?,Low,Product Question,4,True,4
TKT-1130,2026-01-09,phone,Forgot username / can't find my login,I think I signed up with either emily.miller99@icloud.com or john.jones24@gmail.com but neither is working. I do have an account because I've used the service before — I can see charges on my bank statement. Can you look up what email is on file for me? I can verify with my last 4 of SSN or bank account.,High,Account Access,24,False,3
TKT-1131,2026-04-12,web,Question about the $9.99 fee on my statement,I see a $1.99 fee on my recent statement and I'm not sure what it's for. I don't recall seeing this fee before. Is this a new charge? Can you explain what this covers and whether I can avoid it? I've been a customer for 6 months.,High,Billing & Payments,17,False,4
TKT-1132,2026-02-03,email,Account locked — need help getting back in,"My account appears to be locked. I got a message saying it was locked due to too many failed login attempts, but I wasn't the one trying to log in. This might be a security issue — someone may be trying to access my account. Please unlock my account and let me know if there was suspicious activity.",High,Account Access,25,False,2
TKT-1133,2025-11-13,phone,What's the maximum I can advance?,"I wanted to know what the maximum amount I can advance is. I currently have a paycheck coming for around $24.99 and I need about $300 now. Is there a limit on what percentage of my paycheck I can access early? Also, what's the fee for doing this?",Medium,Product Question,12,True,4
TKT-1134,2026-03-12,email,Payroll integration stopped syncing,Our payroll integration with Gusto stopped syncing employee data yesterday. We process payroll on Thursdays and none of our employees are showing updated hours. I checked the integration settings and everything looks correct on our end. This is urgent — payroll runs in 2 days.,Medium,Technical Issue,14,True,3
TKT-1135,2026-04-03,email,App keeps crashing when I open it,The mobile app crashes every time I try to open it. This started after the update that pushed yesterday. I'm on iPhone 14 running iOS 17.4. I've already tried uninstalling and reinstalling but same issue. Is there a known issue with this version?,High,Technical Issue,21,True,4
TKT-1136,2025-12-01,email,Want to remove my employer from the platform,Our company has decided to discontinue using your earned wage access program. We have 88 employees enrolled. Can you tell us the process for offboarding our company from the platform? We want to make sure employees are notified properly.,High,Cancellation Request,28,True,3
TKT-1137,2026-01-30,email,Dashboard showing wrong data,"The analytics dashboard is showing November data when it should be showing current data. It looks like the data is about 3 weeks behind. We rely on this for payroll decisions so accurate, up-to-date data is critical. Please investigate.",Medium,Technical Issue,19,True,5
TKT-1138,2026-02-18,chat,Payroll integration stopped syncing,Our payroll integration with Paycom stopped syncing employee data yesterday. We process payroll on Thursdays and none of our employees are showing updated hours. I checked the integration settings and everything looks correct on our end. This is urgent — payroll runs in 2 days.,Low,Technical Issue,9,True,5
TKT-1139,2026-02-11,chat,Need an invoice for last month,"Hello, could you please send me an invoice for February? Our accounting team needs it for expense reconciliation. Account email is ashley.garcia56@gmail.com. Please send to sarah.brown76@outlook.com as well. We need it in PDF format if possible. Thank you.",Low,Billing & Payments,7,False,5
TKT-1140,2026-04-15,phone,Can't log in to my account,I'm having trouble logging into my account. I've tried my usual password but it keeps saying 'Invalid credentials.' I haven't changed my password recently. I tried the 'Forgot password' link but I'm not getting the reset email. My account email is sarah.brown45@hotmail.com. Please help.,High,Account Access,22,True,3
TKT-1141,2026-04-10,chat,My balance looks wrong,"Something seems off with my account balance. It's showing $1530.35 but based on my transactions I should have more than that. The last transaction I see is from November 20, 2025 but I know I had a deposit processed on December 12, 2025. Can you audit my account?",Medium,Billing & Payments,20,True,3
TKT-1142,2026-04-12,web,Dashboard showing wrong data,"The analytics dashboard is showing November data when it should be showing current data. It looks like the data is about 3 weeks behind. We rely on this for payroll decisions so accurate, up-to-date data is critical. Please investigate.",Critical,Technical Issue,45,False,3
TKT-1143,2026-01-10,chat,Direct deposit didn't arrive,"My direct deposit was supposed to hit today (April 11, 2026) but it's not showing in my bank account. My employer processed payroll on January 13, 2026 so it should have cleared by now. This is urgent as I have bills due today. Can you look into what happened?",Low,Billing & Payments,6,True,5
TKT-1144,2025-11-20,chat,Payroll integration stopped syncing,Our payroll integration with Paychex stopped syncing employee data yesterday. We process payroll on Thursdays and none of our employees are showing updated hours. I checked the integration settings and everything looks correct on our end. This is urgent — payroll runs in 2 days.,Low,Technical Issue,10,True,4
TKT-1145,2025-11-11,chat,Dashboard showing wrong data,"The analytics dashboard is showing November data when it should be showing current data. It looks like the data is about 3 weeks behind. We rely on this for payroll decisions so accurate, up-to-date data is critical. Please investigate.",Medium,Technical Issue,20,True,4
TKT-1146,2025-11-16,chat,Account locked — need help getting back in,"My account appears to be locked. I got a message saying it was locked due to too many failed login attempts, but I wasn't the one trying to log in. This might be a security issue — someone may be trying to access my account. Please unlock my account and let me know if there was suspicious activity.",High,Account Access,25,False,4
TKT-1147,2026-02-21,web,Transaction history not loading,"When I tap on 'Transaction History' in the app, it just shows a spinning loader and never loads. I've waited up to 5 minutes. This has been happening for 2 days. Everything else in the app works fine. I'm on Android 14.",Low,Technical Issue,8,True,5
TKT-1148,2026-03-23,phone,Need to update my email address,"Hi, I recently changed jobs and need to update the email address on my account from chris.garcia7@icloud.com to jessica.johnson13@hotmail.com. I still have access to the old email so I can verify through that. Could you walk me through the process or make the change for me?",Critical,Account Access,43,True,1
TKT-1149,2026-01-29,email,Wrong amount deducted from my paycheck,My advance deduction was for $500.0 but I only took an advance of $24.99. The math doesn't add up — it seems like I was charged a fee I wasn't told about. Can you provide a breakdown of the deduction and refund the difference?,Medium,Refund Request,18,True,4
TKT-1150,2026-04-15,phone,Unexpected charge on my account,"Hi, I just noticed a charge of $49.99 on my account that I don't recognize. The transaction shows up as 'FastPay Inc' but I don't remember authorizing this. Can you help me figure out what this is? My account is under jessica.williams12@icloud.com. Thanks.",High,Billing & Payments,31,True,3
TKT-1151,2025-12-20,email,Two-factor authentication not working,I enabled two-factor authentication last week and now I can't get in. I'm not receiving the SMS codes to my phone number ending in 8967. I've waited several minutes and tried multiple times. Is there an alternative way to verify my identity so I can get back in?,Critical,Account Access,33,True,3
TKT-1152,2026-04-19,email,Wrong amount deducted from my paycheck,My advance deduction was for $200.0 but I only took an advance of $12.99. The math doesn't add up — it seems like I was charged a fee I wasn't told about. Can you provide a breakdown of the deduction and refund the difference?,Medium,Refund Request,20,True,3
TKT-1153,2025-12-13,phone,Suspicious login attempt on my account,I received an email saying there was a login attempt from an unrecognized device in Miami. I did not attempt to log in at that time. I've already changed my password but I'm concerned my account may be compromised. Can you review recent activity and confirm my account is secure?,Medium,Account Access,8,True,4
TKT-1154,2026-04-23,web,Legal hold / subpoena response needed,"Please be advised that our firm represents TechStaff Inc in a pending legal matter. We have issued a subpoena (attached) for records related to account ACC-79993. Please direct this to your legal department. The response deadline is January 01, 2026. Contact our office at david.davis48@yahoo.com with any questions.",High,Compliance & Legal,29,True,3
TKT-1155,2025-12-12,phone,How do I stop automatic deductions?,"I took an advance last month and it was automatically deducted from my paycheck, which I understood. But now it's happening again this pay period even though I didn't take another advance. I want to stop any automatic deductions and ideally cancel the service. Please help.",Medium,Cancellation Request,20,True,4
TKT-1156,2025-12-08,phone,Need an invoice for last month,"Hello, could you please send me an invoice for October? Our accounting team needs it for expense reconciliation. Account email is sarah.johnson11@hotmail.com. Please send to mike.jones66@outlook.com as well. We need it in PDF format if possible. Thank you.",Medium,Billing & Payments,9,False,4
TKT-1157,2026-02-04,email,Charged twice for the same transaction,"I was charged $99.0 twice on November 14, 2025. I only authorized one payment. My bank statement clearly shows two identical charges. I need one of these refunded immediately. Transaction IDs (if helpful): TXN515712 and TXN626392. Please process the refund ASAP.",High,Refund Request,17,True,4
TKT-1158,2025-12-08,email,SSO login broken since company update,"Since our company updated their SSO provider last week, I can no longer log in through the company portal. It redirects me to a blank screen. My colleagues are having the same issue. Our company admin is RetailCo. Can you check if something on your end needs to be updated?",Low,Account Access,6,False,4
TKT-1159,2026-03-01,chat,Is there a fee to use the service?,I was referred by a coworker but I want to make sure I understand the costs before I sign up. Is there a monthly fee? What does it cost to access my pay early? Are there any other hidden charges I should know about?,Low,Product Question,4,False,5
TKT-1160,2026-02-16,chat,Forgot username / can't find my login,I think I signed up with either chris.johnson31@hotmail.com or david.johnson31@gmail.com but neither is working. I do have an account because I've used the service before — I can see charges on my bank statement. Can you look up what email is on file for me? I can verify with my last 4 of SSN or bank account.,High,Account Access,34,True,4
TKT-1161,2026-03-12,chat,Wrong amount deducted from my paycheck,My advance deduction was for $12.99 but I only took an advance of $500.0. The math doesn't add up — it seems like I was charged a fee I wasn't told about. Can you provide a breakdown of the deduction and refund the difference?,Medium,Refund Request,19,True,4
TKT-1162,2026-04-21,email,Question about the $9.99 fee on my statement,I see a $2.99 fee on my recent statement and I'm not sure what it's for. I don't recall seeing this fee before. Is this a new charge? Can you explain what this covers and whether I can avoid it? I've been a customer for 23 months.,Medium,Billing & Payments,13,True,3
TKT-1163,2025-11-06,chat,Dashboard showing wrong data,"The analytics dashboard is showing October data when it should be showing current data. It looks like the data is about 3 weeks behind. We rely on this for payroll decisions so accurate, up-to-date data is critical. Please investigate.",High,Technical Issue,30,True,3
TKT-1164,2026-04-18,chat,Data privacy request — please delete my data,I am submitting a formal request under the California Consumer Privacy Act (CCPA) to delete all personal data you hold about me. My account email is jessica.johnson31@hotmail.com. Please confirm receipt of this request and provide a timeline for deletion. I expect written confirmation once deletion is complete.,Medium,Compliance & Legal,20,True,4
TKT-1165,2026-02-26,email,Need an invoice for last month,"Hello, could you please send me an invoice for November? Our accounting team needs it for expense reconciliation. Account email is mike.davis81@outlook.com. Please send to mike.williams92@gmail.com as well. We need it in PDF format if possible. Thank you.",Medium,Billing & Payments,11,True,4
TKT-1166,2026-03-12,chat,What are your customer support hours?,I've been trying to reach your phone support but keep getting voicemail. What are your support hours? Is there a live chat option? I have an issue that I'd prefer to resolve over the phone rather than by email.,Low,General Inquiry,10,True,5
TKT-1167,2026-02-21,web,Need an invoice for last month,"Hello, could you please send me an invoice for March? Our accounting team needs it for expense reconciliation. Account email is john.garcia16@hotmail.com. Please send to jessica.miller96@outlook.com as well. We need it in PDF format if possible. Thank you.",Medium,Billing & Payments,14,True,4
TKT-1168,2025-11-22,phone,Dashboard showing wrong data,"The analytics dashboard is showing March data when it should be showing current data. It looks like the data is about 3 weeks behind. We rely on this for payroll decisions so accurate, up-to-date data is critical. Please investigate.",Medium,Technical Issue,9,True,4
TKT-1169,2026-01-18,chat,App keeps crashing when I open it,The mobile app crashes every time I try to open it. This started after the update that pushed yesterday. I'm on iPhone 15 running iOS 17.2. I've already tried uninstalling and reinstalling but same issue. Is there a known issue with this version?,Medium,Technical Issue,19,True,4
TKT-1170,2026-04-07,web,Suspicious login attempt on my account,I received an email saying there was a login attempt from an unrecognized device in New York. I did not attempt to log in at that time. I've already changed my password but I'm concerned my account may be compromised. Can you review recent activity and confirm my account is secure?,Low,Account Access,6,True,5
TKT-1171,2025-12-31,phone,Need an invoice for last month,"Hello, could you please send me an invoice for October? Our accounting team needs it for expense reconciliation. Account email is mike.smith78@yahoo.com. Please send to ashley.smith9@yahoo.com as well. We need it in PDF format if possible. Thank you.",Medium,Billing & Payments,13,True,3
TKT-1172,2026-02-22,phone,Direct deposit didn't arrive,"My direct deposit was supposed to hit today (February 03, 2026) but it's not showing in my bank account. My employer processed payroll on January 31, 2026 so it should have cleared by now. This is urgent as I have bills due today. Can you look into what happened?",Medium,Billing & Payments,17,True,4
TKT-1173,2025-11-30,email,Account locked — need help getting back in,"My account appears to be locked. I got a message saying it was locked due to too many failed login attempts, but I wasn't the one trying to log in. This might be a security issue — someone may be trying to access my account. Please unlock my account and let me know if there was suspicious activity.",High,Account Access,20,True,3
TKT-1174,2026-04-30,chat,What are your customer support hours?,I've been trying to reach your phone support but keep getting voicemail. What are your support hours? Is there a live chat option? I have an issue that I'd prefer to resolve over the phone rather than by email.,Low,General Inquiry,8,True,4
TKT-1175,2026-01-28,phone,Unexpected charge on my account,"Hi, I just noticed a charge of $125.0 on my account that I don't recognize. The transaction shows up as 'TP Auto Deduct' but I don't remember authorizing this. Can you help me figure out what this is? My account is under ashley.johnson86@hotmail.com. Thanks.",Low,Billing & Payments,8,True,5
TKT-1176,2025-12-02,web,Incorrect fee charged — requesting refund,"I was charged a $4.99 fee that I don't believe I should have been charged. When I signed up, I was told the first 18 months were fee-free. I'm only on month 1. Can you review and refund this fee?",High,Refund Request,19,True,3
TKT-1177,2026-02-13,phone,Need an invoice for last month,"Hello, could you please send me an invoice for April? Our accounting team needs it for expense reconciliation. Account email is mike.johnson40@gmail.com. Please send to chris.davis53@icloud.com as well. We need it in PDF format if possible. Thank you.",Medium,Billing & Payments,9,True,4
TKT-1178,2026-03-13,email,Is there a fee to use the service?,I was referred by a coworker but I want to make sure I understand the costs before I sign up. Is there a monthly fee? What does it cost to access my pay early? Are there any other hidden charges I should know about?,Low,Product Question,10,True,4
TKT-1179,2025-12-02,chat,Direct deposit didn't arrive,"My direct deposit was supposed to hit today (March 09, 2026) but it's not showing in my bank account. My employer processed payroll on November 11, 2025 so it should have cleared by now. This is urgent as I have bills due today. Can you look into what happened?",Critical,Billing & Payments,44,True,3
TKT-1180,2026-01-12,phone,Is your service available in all states?,"I'm considering recommending your service to my employer. We have employees in California, Texas, and New York. Is your earned wage access product available in all three states? Are there any state-specific restrictions I should know about?",Low,General Inquiry,6,True,4
TKT-1181,2026-04-04,email,Forgot username / can't find my login,I think I signed up with either sarah.williams75@icloud.com or mike.williams93@icloud.com but neither is working. I do have an account because I've used the service before — I can see charges on my bank statement. Can you look up what email is on file for me? I can verify with my last 4 of SSN or bank account.,High,Account Access,33,True,4
TKT-1182,2026-03-27,chat,My balance looks wrong,"Something seems off with my account balance. It's showing $1174.7 but based on my transactions I should have more than that. The last transaction I see is from April 16, 2026 but I know I had a deposit processed on December 20, 2025. Can you audit my account?",High,Billing & Payments,35,True,2
TKT-1183,2026-02-15,chat,Need to update my email address,"Hi, I recently changed jobs and need to update the email address on my account from emily.miller59@hotmail.com to sarah.smith57@yahoo.com. I still have access to the old email so I can verify through that. Could you walk me through the process or make the change for me?",Critical,Account Access,38,True,3
TKT-1184,2026-02-11,email,SSO login broken since company update,"Since our company updated their SSO provider last week, I can no longer log in through the company portal. It redirects me to a blank screen. My colleagues are having the same issue. Our company admin is RetailCo. Can you check if something on your end needs to be updated?",High,Account Access,26,True,4
TKT-1185,2026-01-03,email,Two-factor authentication not working,I enabled two-factor authentication last week and now I can't get in. I'm not receiving the SMS codes to my phone number ending in 8366. I've waited several minutes and tried multiple times. Is there an alternative way to verify my identity so I can get back in?,High,Account Access,16,True,3
TKT-1186,2026-01-20,email,Incorrect fee charged — requesting refund,"I was charged a $4.99 fee that I don't believe I should have been charged. When I signed up, I was told the first 20 months were fee-free. I'm only on month 3. Can you review and refund this fee?",Medium,Refund Request,10,True,3
TKT-1187,2026-02-09,chat,Getting an error code when trying to transfer funds,"Every time I try to transfer money I get error code ERR-1379. This started happening about 1 days ago. I need to move funds for an urgent payment. I've tried different amounts ($50, $100, $500) and get the same error. My bank account is verified and in good standing.",High,Technical Issue,22,True,3
TKT-1188,2025-11-03,phone,Question about the $9.99 fee on my statement,I see a $4.99 fee on my recent statement and I'm not sure what it's for. I don't recall seeing this fee before. Is this a new charge? Can you explain what this covers and whether I can avoid it? I've been a customer for 19 months.,Medium,Billing & Payments,14,True,4
TKT-1189,2026-02-11,email,Want to remove my employer from the platform,Our company has decided to discontinue using your earned wage access program. We have 16 employees enrolled. Can you tell us the process for offboarding our company from the platform? We want to make sure employees are notified properly.,High,Cancellation Request,32,True,2
TKT-1190,2026-02-02,phone,Need to update my email address,"Hi, I recently changed jobs and need to update the email address on my account from david.johnson13@yahoo.com to chris.garcia72@hotmail.com. I still have access to the old email so I can verify through that. Could you walk me through the process or make the change for me?",Medium,Account Access,11,True,4
TKT-1191,2026-01-25,phone,Transaction history not loading,"When I tap on 'Transaction History' in the app, it just shows a spinning loader and never loads. I've waited up to 5 minutes. This has been happening for 2 days. Everything else in the app works fine. I'm on Android 14.",Low,Technical Issue,8,True,4
TKT-1192,2026-01-21,email,Is your service available in all states?,"I'm considering recommending your service to my employer. We have employees in California, Texas, and New York. Is your earned wage access product available in all three states? Are there any state-specific restrictions I should know about?",Low,General Inquiry,8,True,5
TKT-1193,2026-03-17,chat,Can I use this if I'm paid biweekly?,My employer pays me every two weeks. Can I still use the early access feature between pay periods? Does the amount I can advance reset after each paycheck? I'm trying to understand how it works with a biweekly pay schedule.,Medium,Product Question,17,True,5
TKT-1194,2026-03-03,email,Need to update my email address,"Hi, I recently changed jobs and need to update the email address on my account from david.smith61@icloud.com to david.brown75@gmail.com. I still have access to the old email so I can verify through that. Could you walk me through the process or make the change for me?",High,Account Access,35,False,3
TKT-1195,2026-02-16,email,Unexpected charge on my account,"Hi, I just noticed a charge of $350.0 on my account that I don't recognize. The transaction shows up as 'EarnPay Services' but I don't remember authorizing this. Can you help me figure out what this is? My account is under emily.smith41@outlook.com. Thanks.",High,Billing & Payments,21,True,2
TKT-1196,2025-11-16,phone,What documents do I need for onboarding?,"I'm in the process of setting up my account and it's asking me to verify my identity. What documents do you accept? Do I need a government-issued ID? Can I use a passport or does it need to be a driver's license? Also, is my information secure when I upload documents?",Medium,General Inquiry,16,True,4
TKT-1197,2026-03-04,email,Legal hold / subpoena response needed,"Please be advised that our firm represents RetailCo in a pending legal matter. We have issued a subpoena (attached) for records related to account ACC-32699. Please direct this to your legal department. The response deadline is February 26, 2026. Contact our office at jessica.garcia79@hotmail.com with any questions.",High,Compliance & Legal,22,True,3
TKT-1198,2026-04-30,email,Two-factor authentication not working,I enabled two-factor authentication last week and now I can't get in. I'm not receiving the SMS codes to my phone number ending in 5735. I've waited several minutes and tried multiple times. Is there an alternative way to verify my identity so I can get back in?,Critical,Account Access,56,True,3
TKT-1199,2026-01-10,email,Is there a fee to use the service?,I was referred by a coworker but I want to make sure I understand the costs before I sign up. Is there a monthly fee? What does it cost to access my pay early? Are there any other hidden charges I should know about?,High,Product Question,33,False,3
TKT-1200,2025-12-08,email,What are your customer support hours?,I've been trying to reach your phone support but keep getting voicemail. What are your support hours? Is there a live chat option? I have an issue that I'd prefer to resolve over the phone rather than by email.,Low,General Inquiry,6,False,5
TKT-1201,2025-12-25,email,Two-factor authentication not working,I enabled two-factor authentication last week and now I can't get in. I'm not receiving the SMS codes to my phone number ending in 8849. I've waited several minutes and tried multiple times. Is there an alternative way to verify my identity so I can get back in?,Medium,Account Access,16,True,3
TKT-1202,2026-03-31,email,Can I use this if I'm paid biweekly?,My employer pays me every two weeks. Can I still use the early access feature between pay periods? Does the amount I can advance reset after each paycheck? I'm trying to understand how it works with a biweekly pay schedule.,Low,Product Question,4,True,4
TKT-1203,2026-04-24,phone,Can't log in to my account,I'm having trouble logging into my account. I've tried my usual password but it keeps saying 'Invalid credentials.' I haven't changed my password recently. I tried the 'Forgot password' link but I'm not getting the reset email. My account email is chris.garcia13@outlook.com. Please help.,Medium,Account Access,8,False,4
TKT-1204,2025-12-22,phone,Getting an error code when trying to transfer funds,"Every time I try to transfer money I get error code ERR-8822. This started happening about 6 days ago. I need to move funds for an urgent payment. I've tried different amounts ($50, $100, $500) and get the same error. My bank account is verified and in good standing.",Critical,Technical Issue,43,True,4
TKT-1205,2025-12-30,chat,Is your service available in all states?,"I'm considering recommending your service to my employer. We have employees in California, Texas, and New York. Is your earned wage access product available in all three states? Are there any state-specific restrictions I should know about?",Low,General Inquiry,9,False,5
TKT-1206,2025-11-10,web,Do you have a referral program?,A friend told me I can earn rewards for referring new users. How does the referral program work? Is there a limit to how many people I can refer? When do I receive my reward — right when they sign up or after they use the service?,Low,General Inquiry,7,True,5
TKT-1207,2025-11-10,email,What are your customer support hours?,I've been trying to reach your phone support but keep getting voicemail. What are your support hours? Is there a live chat option? I have an issue that I'd prefer to resolve over the phone rather than by email.,High,General Inquiry,33,False,3
TKT-1208,2025-12-12,phone,Forgot username / can't find my login,I think I signed up with either ashley.williams60@icloud.com or david.brown43@gmail.com but neither is working. I do have an account because I've used the service before — I can see charges on my bank statement. Can you look up what email is on file for me? I can verify with my last 4 of SSN or bank account.,Critical,Account Access,41,False,4
TKT-1209,2026-01-23,email,Please close my account,I would like to permanently close my account and have all my personal data deleted. I no longer need this service. My account email is mike.miller66@outlook.com. Please confirm once the account is closed and my data has been removed.,High,Cancellation Request,18,True,4
TKT-1210,2025-12-31,chat,App keeps crashing when I open it,The mobile app crashes every time I try to open it. This started after the update that pushed yesterday. I'm on iPhone 15 running iOS 17.4. I've already tried uninstalling and reinstalling but same issue. Is there a known issue with this version?,Critical,Technical Issue,42,False,3
TKT-1211,2026-04-17,chat,How long does a transfer take?,"If I request a transfer today, when will the money actually show up in my bank account? I've seen different timelines mentioned — 1 business day vs instant. Is there an option for instant transfer? Is there a fee for faster delivery?",Medium,Product Question,11,True,5
TKT-1212,2026-03-09,web,Mobile notification not working,I've stopped receiving push notifications on my phone. I checked my phone settings and notifications are enabled for the app. This is a problem because I rely on notifications for payment confirmations. Please help me re-enable these.,Low,Technical Issue,9,True,5
TKT-1213,2026-04-07,email,How long does a transfer take?,"If I request a transfer today, when will the money actually show up in my bank account? I've seen different timelines mentioned — 1 business day vs instant. Is there an option for instant transfer? Is there a fee for faster delivery?",High,Product Question,19,True,3
TKT-1214,2026-04-29,chat,How do I stop automatic deductions?,"I took an advance last month and it was automatically deducted from my paycheck, which I understood. But now it's happening again this pay period even though I didn't take another advance. I want to stop any automatic deductions and ideally cancel the service. Please help.",Medium,Cancellation Request,15,False,4
TKT-1215,2026-02-23,chat,I want to cancel my subscription,"Hi, I'd like to cancel my subscription. I'm switching employers and my new company doesn't use your service. My last day at my current job is March 15, 2026. Can you walk me through the cancellation process? Also, will I be charged anything for canceling mid-cycle?",High,Cancellation Request,26,True,2
TKT-1216,2025-12-09,email,Question about the $2.99 fee on my statement,I see a $14.99 fee on my recent statement and I'm not sure what it's for. I don't recall seeing this fee before. Is this a new charge? Can you explain what this covers and whether I can avoid it? I've been a customer for 19 months.,High,Billing & Payments,31,True,4
TKT-1217,2025-11-15,chat,How do I stop automatic deductions?,"I took an advance last month and it was automatically deducted from my paycheck, which I understood. But now it's happening again this pay period even though I didn't take another advance. I want to stop any automatic deductions and ideally cancel the service. Please help.",Medium,Cancellation Request,16,True,3
TKT-1218,2026-01-05,phone,My balance looks wrong,"Something seems off with my account balance. It's showing $650.93 but based on my transactions I should have more than that. The last transaction I see is from November 06, 2025 but I know I had a deposit processed on February 06, 2026. Can you audit my account?",Medium,Billing & Payments,19,True,5
TKT-1219,2026-02-13,email,Unexpected charge on my account,"Hi, I just noticed a charge of $200.0 on my account that I don't recognize. The transaction shows up as 'EarnPay Services' but I don't remember authorizing this. Can you help me figure out what this is? My account is under sarah.davis37@gmail.com. Thanks.",Medium,Billing & Payments,10,False,4
TKT-1220,2026-03-18,chat,Need to update my email address,"Hi, I recently changed jobs and need to update the email address on my account from chris.miller88@gmail.com to mike.garcia23@gmail.com. I still have access to the old email so I can verify through that. Could you walk me through the process or make the change for me?",Critical,Account Access,33,False,3
TKT-1221,2026-02-06,phone,Transaction I didn't authorize,"There's a $125.0 transaction on my account from April 22, 2026 that I did not authorize. I've never heard of 'FastPay Inc' and I was not in Miami on that date. I believe this may be fraud. Please investigate and refund the charge. I'd also like to know if my account has been compromised.",High,Refund Request,22,True,4
TKT-1222,2025-11-09,phone,SSO login broken since company update,"Since our company updated their SSO provider last week, I can no longer log in through the company portal. It redirects me to a blank screen. My colleagues are having the same issue. Our company admin is Acme Corp. Can you check if something on your end needs to be updated?",Critical,Account Access,51,False,4
TKT-1223,2026-02-21,email,Forgot username / can't find my login,I think I signed up with either john.davis87@icloud.com or john.brown52@gmail.com but neither is working. I do have an account because I've used the service before — I can see charges on my bank statement. Can you look up what email is on file for me? I can verify with my last 4 of SSN or bank account.,Low,Account Access,5,True,5
TKT-1224,2026-03-28,email,Unable to update my payment method,I've been trying to update my bank account for direct deposit but keep getting an error when I try to save the new account. I've tried three times now and it just says 'Unable to verify account.' My routing number and account number are definitely correct. Please help — I need this updated before my next paycheck.,Critical,Billing & Payments,45,True,3
TKT-1225,2025-11-13,web,Legal hold / subpoena response needed,"Please be advised that our firm represents RetailCo in a pending legal matter. We have issued a subpoena (attached) for records related to account ACC-46064. Please direct this to your legal department. The response deadline is November 16, 2025. Contact our office at mike.miller64@icloud.com with any questions.",High,Compliance & Legal,35,False,2
TKT-1226,2026-01-16,chat,Account locked — need help getting back in,"My account appears to be locked. I got a message saying it was locked due to too many failed login attempts, but I wasn't the one trying to log in. This might be a security issue — someone may be trying to access my account. Please unlock my account and let me know if there was suspicious activity.",Medium,Account Access,20,True,4
TKT-1227,2026-02-14,web,Incorrect fee charged — requesting refund,"I was charged a $9.99 fee that I don't believe I should have been charged. When I signed up, I was told the first 3 months were fee-free. I'm only on month 3. Can you review and refund this fee?",Medium,Refund Request,16,True,4
TKT-1228,2026-02-24,phone,SSO login broken since company update,"Since our company updated their SSO provider last week, I can no longer log in through the company portal. It redirects me to a blank screen. My colleagues are having the same issue. Our company admin is Acme Corp. Can you check if something on your end needs to be updated?",Medium,Account Access,9,True,4
TKT-1229,2025-12-19,phone,Question about the $14.99 fee on my statement,I see a $1.99 fee on my recent statement and I'm not sure what it's for. I don't recall seeing this fee before. Is this a new charge? Can you explain what this covers and whether I can avoid it? I've been a customer for 4 months.,Medium,Billing & Payments,17,False,3
TKT-1230,2026-04-04,phone,Need an invoice for last month,"Hello, could you please send me an invoice for March? Our accounting team needs it for expense reconciliation. Account email is john.brown95@yahoo.com. Please send to sarah.davis90@yahoo.com as well. We need it in PDF format if possible. Thank you.",Medium,Billing & Payments,14,False,3
TKT-1231,2026-03-01,phone,Need to update my email address,"Hi, I recently changed jobs and need to update the email address on my account from jessica.jones47@hotmail.com to ashley.davis93@gmail.com. I still have access to the old email so I can verify through that. Could you walk me through the process or make the change for me?",Medium,Account Access,13,False,4
TKT-1232,2025-12-08,email,Suspicious login attempt on my account,I received an email saying there was a login attempt from an unrecognized device in California. I did not attempt to log in at that time. I've already changed my password but I'm concerned my account may be compromised. Can you review recent activity and confirm my account is secure?,Low,Account Access,8,False,4
TKT-1233,2026-01-02,chat,Please close my account,I would like to permanently close my account and have all my personal data deleted. I no longer need this service. My account email is jessica.brown73@outlook.com. Please confirm once the account is closed and my data has been removed.,Medium,Cancellation Request,18,False,4
TKT-1234,2026-02-26,email,SSO login broken since company update,"Since our company updated their SSO provider last week, I can no longer log in through the company portal. It redirects me to a blank screen. My colleagues are having the same issue. Our company admin is HealthFirst. Can you check if something on your end needs to be updated?",High,Account Access,26,True,2
TKT-1235,2025-11-16,chat,Dashboard showing wrong data,"The analytics dashboard is showing November data when it should be showing current data. It looks like the data is about 3 weeks behind. We rely on this for payroll decisions so accurate, up-to-date data is critical. Please investigate.",Critical,Technical Issue,29,False,4
TKT-1236,2026-03-10,chat,Please close my account,I would like to permanently close my account and have all my personal data deleted. I no longer need this service. My account email is sarah.williams28@gmail.com. Please confirm once the account is closed and my data has been removed.,Medium,Cancellation Request,8,True,3
TKT-1237,2025-11-02,chat,How do I get started?,My company just rolled out your service and I received an email to sign up. I clicked the link but I'm not sure what to do next. Is there a guide or tutorial? What information do I need to get started? Do I need to connect my bank account right away?,Medium,General Inquiry,14,True,3
TKT-1238,2026-03-09,phone,Want to remove my employer from the platform,Our company has decided to discontinue using your earned wage access program. We have 9 employees enrolled. Can you tell us the process for offboarding our company from the platform? We want to make sure employees are notified properly.,Medium,Cancellation Request,18,True,4
TKT-1239,2026-01-01,email,Unable to update my payment method,I've been trying to update my bank account for direct deposit but keep getting an error when I try to save the new account. I've tried three times now and it just says 'Unable to verify account.' My routing number and account number are definitely correct. Please help — I need this updated before my next paycheck.,Low,Billing & Payments,8,True,5
TKT-1240,2026-02-26,chat,Two-factor authentication not working,I enabled two-factor authentication last week and now I can't get in. I'm not receiving the SMS codes to my phone number ending in 7652. I've waited several minutes and tried multiple times. Is there an alternative way to verify my identity so I can get back in?,Medium,Account Access,19,True,5
TKT-1241,2025-11-09,email,How does the tipping model work?,I noticed the app asks for an optional tip when I transfer money. Can you explain how this works? Is the tip really optional or does it affect my service? What percentage do most people tip? I just want to make sure I'm using this correctly.,Medium,Product Question,14,True,4
TKT-1242,2025-11-22,chat,Unable to update my payment method,I've been trying to update my bank account for direct deposit but keep getting an error when I try to save the new account. I've tried three times now and it just says 'Unable to verify account.' My routing number and account number are definitely correct. Please help — I need this updated before my next paycheck.,Low,Billing & Payments,7,True,5
TKT-1243,2025-11-11,email,How do I request a pay advance?,"I just signed up and I'm trying to figure out how to request an advance on my upcoming paycheck. I see the option in the app but when I tap it, it says I'm not eligible. I've been at my job for 18 months and my employer is enrolled. What are the eligibility requirements?",Medium,Product Question,19,False,4
TKT-1244,2026-03-20,chat,SSO login broken since company update,"Since our company updated their SSO provider last week, I can no longer log in through the company portal. It redirects me to a blank screen. My colleagues are having the same issue. Our company admin is RetailCo. Can you check if something on your end needs to be updated?",Critical,Account Access,27,True,3
TKT-1245,2026-02-10,web,Unable to update my payment method,I've been trying to update my bank account for direct deposit but keep getting an error when I try to save the new account. I've tried three times now and it just says 'Unable to verify account.' My routing number and account number are definitely correct. Please help — I need this updated before my next paycheck.,Medium,Billing & Payments,12,True,4
TKT-1246,2026-03-19,email,Is there a fee to use the service?,I was referred by a coworker but I want to make sure I understand the costs before I sign up. Is there a monthly fee? What does it cost to access my pay early? Are there any other hidden charges I should know about?,Medium,Product Question,20,False,5
TKT-1247,2025-12-30,phone,App keeps crashing when I open it,The mobile app crashes every time I try to open it. This started after the update that pushed yesterday. I'm on iPhone 13 running iOS 17.4. I've already tried uninstalling and reinstalling but same issue. Is there a known issue with this version?,Critical,Technical Issue,46,False,1
TKT-1248,2025-11-08,chat,What are your customer support hours?,I've been trying to reach your phone support but keep getting voicemail. What are your support hours? Is there a live chat option? I have an issue that I'd prefer to resolve over the phone rather than by email.,Low,General Inquiry,10,False,4
TKT-1249,2026-01-03,phone,Need to update my email address,"Hi, I recently changed jobs and need to update the email address on my account from chris.williams85@icloud.com to chris.johnson38@icloud.com. I still have access to the old email so I can verify through that. Could you walk me through the process or make the change for me?",High,Account Access,17,True,3
TKT-1250,2026-01-21,chat,How do I stop automatic deductions?,"I took an advance last month and it was automatically deducted from my paycheck, which I understood. But now it's happening again this pay period even though I didn't take another advance. I want to stop any automatic deductions and ideally cancel the service. Please help.",Medium,Cancellation Request,9,True,4
TKT-1251,2025-12-18,chat,App keeps crashing when I open it,The mobile app crashes every time I try to open it. This started after the update that pushed yesterday. I'm on iPhone 14 running iOS 16.6. I've already tried uninstalling and reinstalling but same issue. Is there a known issue with this version?,High,Technical Issue,32,False,3
TKT-1252,2026-01-23,web,Question about the $1.99 fee on my statement,I see a $14.99 fee on my recent statement and I'm not sure what it's for. I don't recall seeing this fee before. Is this a new charge? Can you explain what this covers and whether I can avoid it? I've been a customer for 21 months.,Low,Billing & Payments,4,True,4
TKT-1253,2026-01-08,email,Please close my account,I would like to permanently close my account and have all my personal data deleted. I no longer need this service. My account email is mike.miller18@yahoo.com. Please confirm once the account is closed and my data has been removed.,High,Cancellation Request,30,True,4
TKT-1254,2026-01-04,web,Getting an error code when trying to transfer funds,"Every time I try to transfer money I get error code ERR-2260. This started happening about 3 days ago. I need to move funds for an urgent payment. I've tried different amounts ($50, $100, $500) and get the same error. My bank account is verified and in good standing.",Medium,Technical Issue,19,True,3
TKT-1255,2026-02-10,email,What's the maximum I can advance?,"I wanted to know what the maximum amount I can advance is. I currently have a paycheck coming for around $49.99 and I need about $50 now. Is there a limit on what percentage of my paycheck I can access early? Also, what's the fee for doing this?",Medium,Product Question,17,True,4
TKT-1256,2026-04-02,email,Mobile notification not working,I've stopped receiving push notifications on my phone. I checked my phone settings and notifications are enabled for the app. This is a problem because I rely on notifications for payment confirmations. Please help me re-enable these.,Medium,Technical Issue,13,True,4
TKT-1257,2026-04-27,chat,Getting an error code when trying to transfer funds,"Every time I try to transfer money I get error code ERR-6228. This started happening about 3 days ago. I need to move funds for an urgent payment. I've tried different amounts ($50, $100, $500) and get the same error. My bank account is verified and in good standing.",Low,Technical Issue,8,True,5
TKT-1258,2025-12-24,chat,Need to update my email address,"Hi, I recently changed jobs and need to update the email address on my account from jessica.johnson26@icloud.com to mike.smith91@outlook.com. I still have access to the old email so I can verify through that. Could you walk me through the process or make the change for me?",High,Account Access,24,False,4
TKT-1259,2026-01-17,email,Requesting partial refund,"I was charged $500.0 for a service I only partially used. I signed up on March 08, 2026 and canceled on December 06, 2025, which means I used the service for only 6 days of the billing period. I'm requesting a pro-rated refund for the unused portion. Please let me know how to proceed.",High,Refund Request,19,False,3
TKT-1260,2026-03-17,chat,Direct deposit didn't arrive,"My direct deposit was supposed to hit today (March 30, 2026) but it's not showing in my bank account. My employer processed payroll on February 07, 2026 so it should have cleared by now. This is urgent as I have bills due today. Can you look into what happened?",Critical,Billing & Payments,51,False,3
TKT-1261,2026-04-13,web,Can I use this if I'm paid biweekly?,My employer pays me every two weeks. Can I still use the early access feature between pay periods? Does the amount I can advance reset after each paycheck? I'm trying to understand how it works with a biweekly pay schedule.,Medium,Product Question,9,False,4
TKT-1262,2025-11-28,email,Question about the $9.99 fee on my statement,I see a $4.99 fee on my recent statement and I'm not sure what it's for. I don't recall seeing this fee before. Is this a new charge? Can you explain what this covers and whether I can avoid it? I've been a customer for 15 months.,Medium,Billing & Payments,12,True,3
TKT-1263,2026-02-09,chat,What's the maximum I can advance?,"I wanted to know what the maximum amount I can advance is. I currently have a paycheck coming for around $125.0 and I need about $150 now. Is there a limit on what percentage of my paycheck I can access early? Also, what's the fee for doing this?",Medium,Product Question,18,True,3
TKT-1264,2026-02-15,web,Direct deposit didn't arrive,"My direct deposit was supposed to hit today (November 27, 2025) but it's not showing in my bank account. My employer processed payroll on January 11, 2026 so it should have cleared by now. This is urgent as I have bills due today. Can you look into what happened?",Critical,Billing & Payments,30,True,3
TKT-1265,2026-03-14,chat,Suspicious login attempt on my account,I received an email saying there was a login attempt from an unrecognized device in California. I did not attempt to log in at that time. I've already changed my password but I'm concerned my account may be compromised. Can you review recent activity and confirm my account is secure?,Medium,Account Access,15,True,4
TKT-1266,2025-11-06,phone,Suspicious login attempt on my account,I received an email saying there was a login attempt from an unrecognized device in Texas. I did not attempt to log in at that time. I've already changed my password but I'm concerned my account may be compromised. Can you review recent activity and confirm my account is secure?,Medium,Account Access,18,True,4
TKT-1267,2025-12-15,chat,Is your service available in all states?,"I'm considering recommending your service to my employer. We have employees in California, Texas, and New York. Is your earned wage access product available in all three states? Are there any state-specific restrictions I should know about?",Medium,General Inquiry,13,True,4
TKT-1268,2025-12-18,chat,Account locked — need help getting back in,"My account appears to be locked. I got a message saying it was locked due to too many failed login attempts, but I wasn't the one trying to log in. This might be a security issue — someone may be trying to access my account. Please unlock my account and let me know if there was suspicious activity.",Medium,Account Access,14,True,3
TKT-1269,2026-02-08,email,Feedback about the new app update,"I just wanted to share some feedback about the recent app update. I really miss the old home screen layout — the new one is harder to navigate. The transaction history view in particular is much harder to use. Is there a way to revert to the old layout, or can you pass this feedback along?",Low,General Inquiry,5,True,5
TKT-1270,2025-12-18,chat,Can I use this if I'm paid biweekly?,My employer pays me every two weeks. Can I still use the early access feature between pay periods? Does the amount I can advance reset after each paycheck? I'm trying to understand how it works with a biweekly pay schedule.,Medium,Product Question,11,True,4
TKT-1271,2026-01-20,chat,Is there a fee to use the service?,I was referred by a coworker but I want to make sure I understand the costs before I sign up. Is there a monthly fee? What does it cost to access my pay early? Are there any other hidden charges I should know about?,Medium,Product Question,17,True,5
TKT-1272,2026-01-01,email,Forgot username / can't find my login,I think I signed up with either mike.jones76@icloud.com or sarah.williams16@hotmail.com but neither is working. I do have an account because I've used the service before — I can see charges on my bank statement. Can you look up what email is on file for me? I can verify with my last 4 of SSN or bank account.,High,Account Access,20,True,4
TKT-1273,2026-02-07,chat,Transaction history not loading,"When I tap on 'Transaction History' in the app, it just shows a spinning loader and never loads. I've waited up to 5 minutes. This has been happening for 2 days. Everything else in the app works fine. I'm on Android 14.",Medium,Technical Issue,15,True,4
TKT-1274,2026-02-24,chat,What's the maximum I can advance?,"I wanted to know what the maximum amount I can advance is. I currently have a paycheck coming for around $24.99 and I need about $150 now. Is there a limit on what percentage of my paycheck I can access early? Also, what's the fee for doing this?",Medium,Product Question,13,False,4
TKT-1275,2026-04-25,chat,Question about the $14.99 fee on my statement,I see a $9.99 fee on my recent statement and I'm not sure what it's for. I don't recall seeing this fee before. Is this a new charge? Can you explain what this covers and whether I can avoid it? I've been a customer for 15 months.,High,Billing & Payments,29,True,4
TKT-1276,2026-01-10,email,What's the maximum I can advance?,"I wanted to know what the maximum amount I can advance is. I currently have a paycheck coming for around $49.99 and I need about $50 now. Is there a limit on what percentage of my paycheck I can access early? Also, what's the fee for doing this?",Medium,Product Question,12,True,4
TKT-1277,2025-11-29,chat,Does this work with my bank?,I have an account with Capital One. Is your service compatible with all banks or just certain ones? I tried adding my account and got an error saying the bank wasn't supported. I also have a Citi account if that one works better.,Medium,Product Question,12,False,4
TKT-1278,2026-02-21,chat,Mobile notification not working,I've stopped receiving push notifications on my phone. I checked my phone settings and notifications are enabled for the app. This is a problem because I rely on notifications for payment confirmations. Please help me re-enable these.,High,Technical Issue,28,True,4
TKT-1279,2026-03-31,phone,Need to update my email address,"Hi, I recently changed jobs and need to update the email address on my account from david.garcia57@gmail.com to sarah.brown95@yahoo.com. I still have access to the old email so I can verify through that. Could you walk me through the process or make the change for me?",Critical,Account Access,52,True,3
TKT-1280,2026-04-02,chat,Charged twice for the same transaction,"I was charged $350.0 twice on January 29, 2026. I only authorized one payment. My bank statement clearly shows two identical charges. I need one of these refunded immediately. Transaction IDs (if helpful): TXN658136 and TXN394739. Please process the refund ASAP.",High,Refund Request,25,False,3
TKT-1281,2026-04-23,phone,Suspicious login attempt on my account,I received an email saying there was a login attempt from an unrecognized device in Miami. I did not attempt to log in at that time. I've already changed my password but I'm concerned my account may be compromised. Can you review recent activity and confirm my account is secure?,Medium,Account Access,10,False,4
TKT-1282,2025-12-03,phone,What documents do I need for onboarding?,"I'm in the process of setting up my account and it's asking me to verify my identity. What documents do you accept? Do I need a government-issued ID? Can I use a passport or does it need to be a driver's license? Also, is my information secure when I upload documents?",High,General Inquiry,19,True,3
TKT-1283,2026-01-08,chat,Requesting partial refund,"I was charged $125.0 for a service I only partially used. I signed up on December 07, 2025 and canceled on March 28, 2026, which means I used the service for only 6 days of the billing period. I'm requesting a pro-rated refund for the unused portion. Please let me know how to proceed.",High,Refund Request,27,True,4
TKT-1284,2026-02-03,chat,Mobile notification not working,I've stopped receiving push notifications on my phone. I checked my phone settings and notifications are enabled for the app. This is a problem because I rely on notifications for payment confirmations. Please help me re-enable these.,High,Technical Issue,30,True,4
TKT-1285,2026-01-31,web,Charged twice for the same transaction,"I was charged $125.0 twice on April 12, 2026. I only authorized one payment. My bank statement clearly shows two identical charges. I need one of these refunded immediately. Transaction IDs (if helpful): TXN796405 and TXN831160. Please process the refund ASAP.",High,Refund Request,32,True,3
TKT-1286,2026-03-05,phone,Transaction I didn't authorize,"There's a $49.99 transaction on my account from January 26, 2026 that I did not authorize. I've never heard of 'TP Auto Deduct' and I was not in Miami on that date. I believe this may be fraud. Please investigate and refund the charge. I'd also like to know if my account has been compromised.",Medium,Refund Request,18,False,5
TKT-1287,2025-12-11,chat,Direct deposit didn't arrive,"My direct deposit was supposed to hit today (November 05, 2025) but it's not showing in my bank account. My employer processed payroll on November 28, 2025 so it should have cleared by now. This is urgent as I have bills due today. Can you look into what happened?",High,Billing & Payments,15,False,3
TKT-1288,2026-04-16,email,Unable to update my payment method,I've been trying to update my bank account for direct deposit but keep getting an error when I try to save the new account. I've tried three times now and it just says 'Unable to verify account.' My routing number and account number are definitely correct. Please help — I need this updated before my next paycheck.,High,Billing & Payments,23,True,3
TKT-1289,2025-11-14,chat,SSO login broken since company update,"Since our company updated their SSO provider last week, I can no longer log in through the company portal. It redirects me to a blank screen. My colleagues are having the same issue. Our company admin is TechStaff Inc. Can you check if something on your end needs to be updated?",Medium,Account Access,12,False,4
TKT-1290,2026-03-03,email,App keeps crashing when I open it,The mobile app crashes every time I try to open it. This started after the update that pushed yesterday. I'm on iPhone 13 running iOS 17.0. I've already tried uninstalling and reinstalling but same issue. Is there a known issue with this version?,Low,Technical Issue,8,True,4
TKT-1291,2025-12-04,chat,My balance looks wrong,"Something seems off with my account balance. It's showing $285.16 but based on my transactions I should have more than that. The last transaction I see is from February 17, 2026 but I know I had a deposit processed on April 23, 2026. Can you audit my account?",High,Billing & Payments,22,True,4
TKT-1292,2025-12-25,chat,Need an invoice for last month,"Hello, could you please send me an invoice for February? Our accounting team needs it for expense reconciliation. Account email is chris.williams9@yahoo.com. Please send to john.williams45@outlook.com as well. We need it in PDF format if possible. Thank you.",Medium,Billing & Payments,10,False,3
TKT-1293,2025-12-06,phone,How do I request a pay advance?,"I just signed up and I'm trying to figure out how to request an advance on my upcoming paycheck. I see the option in the app but when I tap it, it says I'm not eligible. I've been at my job for 5 months and my employer is enrolled. What are the eligibility requirements?",Medium,Product Question,17,False,4
TKT-1294,2026-04-03,chat,Request for data export (GDPR),I am exercising my right under GDPR Article 20 to data portability. Please provide a full export of all personal data you hold associated with my account. My account ID is ACC-42477. Please send the export to david.johnson71@yahoo.com within the legally required 30-day window.,Medium,Compliance & Legal,17,True,5
TKT-1295,2026-01-15,chat,Transaction I didn't authorize,"There's a $29.99 transaction on my account from March 13, 2026 that I did not authorize. I've never heard of 'TP Auto Deduct' and I was not in Chicago on that date. I believe this may be fraud. Please investigate and refund the charge. I'd also like to know if my account has been compromised.",High,Refund Request,22,True,4
TKT-1296,2026-02-08,web,Can't log in to my account,I'm having trouble logging into my account. I've tried my usual password but it keeps saying 'Invalid credentials.' I haven't changed my password recently. I tried the 'Forgot password' link but I'm not getting the reset email. My account email is john.garcia17@hotmail.com. Please help.,High,Account Access,33,True,2
TKT-1297,2025-11-19,email,How does the tipping model work?,I noticed the app asks for an optional tip when I transfer money. Can you explain how this works? Is the tip really optional or does it affect my service? What percentage do most people tip? I just want to make sure I'm using this correctly.,Medium,Product Question,9,True,4
TKT-1298,2026-03-09,phone,My balance looks wrong,"Something seems off with my account balance. It's showing $826.05 but based on my transactions I should have more than that. The last transaction I see is from January 13, 2026 but I know I had a deposit processed on April 06, 2026. Can you audit my account?",Low,Billing & Payments,7,True,5
TKT-1299,2026-01-19,email,What's the maximum I can advance?,"I wanted to know what the maximum amount I can advance is. I currently have a paycheck coming for around $49.99 and I need about $50 now. Is there a limit on what percentage of my paycheck I can access early? Also, what's the fee for doing this?",Medium,Product Question,11,False,4
TKT-1300,2026-04-16,phone,Mobile notification not working,I've stopped receiving push notifications on my phone. I checked my phone settings and notifications are enabled for the app. This is a problem because I rely on notifications for payment confirmations. Please help me re-enable these.,Medium,Technical Issue,9,True,4
